"","GeneFamily","RPK","Sample_ID","RPKG"
"1","UniRef90_P76440|g__Klebsiella.s__Klebsiella_oxytoca",32.9050946216,"GO_Pt1_Baseline",0.0286149619790279
"2","UniRef90_P76440|g__Escherichia.s__Escherichia_coli",22.8089229182,"GO_Pt1_Baseline",0.0198351188347118
"3","UniRef90_P76440|g__Klebsiella.s__Klebsiella_pneumoniae",22.7925122039,"GO_Pt1_Baseline",0.0198208477325878
"4","UniRef90_P76440|g__Escherichia.s__Escherichia_fergusonii",1.8281535649,"GO_Pt1_Baseline",0.00158980076954704
"5","UniRef90_D4MUM4|g__Anaerostipes.s__Anaerostipes_hadrus",6.5789473684,"GO_Pt1_C1D1",0.00465869527744745
"6","UniRef90_P76440|g__Klebsiella.s__Klebsiella_pneumoniae",2.7422303473,"GO_Pt1_C1D1",0.00194183276643943
"7","UniRef90_P76440|g__Escherichia.s__Escherichia_fergusonii",1.8281535649,"GO_Pt1_C1D1",0.00129455517764989
"8","UniRef90_P76440|g__Klebsiella.s__Klebsiella_oxytoca",0.9140767824,"GO_Pt1_C1D1",0.00064727758878954
"9","UniRef90_D4MUM4|g__Anaerostipes.s__Anaerostipes_hadrus",31.8964854521,"GO_Pt1_C1D3",0.0361954285941626
"10","UniRef90_P76440|g__Klebsiella.s__Klebsiella_oxytoca",100.8758309386,"GO_Pt1_C1D7",0.0464203738320554
"11","UniRef90_P76440|g__Escherichia.s__Escherichia_coli",96.4195767839,"GO_Pt1_C1D7",0.0443697242182967
"12","UniRef90_P76440|g__Escherichia.s__Escherichia_fergusonii",16.5289256198,"GO_Pt1_C1D7",0.00760617185676887
"13","UniRef90_D4MUM4|g__Anaerostipes.s__Anaerostipes_hadrus",168.9483572758,"GO_Pt1_C1D7",0.0777455395418539
"14","UniRef90_P76440|g__Klebsiella.s__Klebsiella_oxytoca",571.1976301214,"GO_Pt1_C2D1",0.437133838472016
"15","UniRef90_P76440|g__Escherichia.s__Escherichia_coli",492.8318299978,"GO_Pt1_C2D1",0.377161000339478
"16","UniRef90_P76440|g__Escherichia.s__Escherichia_fergusonii",101.9853119982,"GO_Pt1_C2D1",0.078048697246983
"17","UniRef90_D4MUM4|g__Anaerostipes.s__Anaerostipes_hadrus",257.9923868099,"GO_Pt1_C2D1",0.19743989889944
"18","UniRef90_A0A0A6ZVN4|g__Escherichia.s__Escherichia_coli",200.1467375193,"GO_Pt1_C2D1",0.153170998995335
"19","UniRef90_P76440|g__Klebsiella.s__Klebsiella_oxytoca",1693.3357446146,"GO_Pt1_C3D1",0.510093600556367
"20","UniRef90_P76440|g__Escherichia.s__Escherichia_coli",1481.0985984408,"GO_Pt1_C3D1",0.446160142346494
"21","UniRef90_P76440|g__Escherichia.s__Escherichia_fergusonii",372.9865372224,"GO_Pt1_C3D1",0.11235695362595
"22","UniRef90_A0A0A6ZVN4|g__Escherichia.s__Escherichia_coli",652.6454925041,"GO_Pt1_C3D1",0.196600284507707
"23","UniRef90_D4MUM4|g__Anaerostipes.s__Anaerostipes_hadrus",189.2722370992,"GO_Pt1_C3D1",0.0570156020236041
"24","UniRef90_A0A0A6ZVN4|g__Escherichia.s__Escherichia_coli",6.2266500623,"GO_Pt11_C1D3",0.0038648258261004
"25","UniRef90_P76440|unclassified",3.7846930193,"GO_Pt11_C1D3",0.00234912499955868
"26","UniRef90_D4MUM4|g__Anaerostipes.s__Anaerostipes_hadrus",177.3590043144,"GO_Pt12_Baseline",0.103481951753105
"27","UniRef90_D4MUM4|g__Anaerostipes.s__Anaerostipes_hadrus",219.5332028667,"GO_Pt12_C1D1",0.164263603219149
"28","UniRef90_D4MUM4|g__Anaerostipes.s__Anaerostipes_hadrus",173.5716507148,"GO_Pt12_C1D3",0.121068096120278
"29","UniRef90_D4MUM4|g__Anaerostipes.s__Anaerostipes_hadrus",225.1743573655,"GO_Pt12_C1D7",0.0903520219134207
"30","UniRef90_D4MUM4|g__Anaerostipes.s__Anaerostipes_hadrus",287.3465455244,"GO_Pt12_C2D1",0.16441851687194
"31","UniRef90_D4MUM4|g__Anaerostipes.s__Anaerostipes_hadrus",489.8286507467,"GO_Pt12_C3D1",0.24703449066571
"32","UniRef90_D4MUM4|g__Anaerostipes.s__Anaerostipes_hadrus",266.7817873956,"GO_Pt13_Baseline",0.162174086671581
"33","UniRef90_D4MUM4|g__Anaerostipes.s__Anaerostipes_hadrus",205.5664575518,"GO_Pt13_C1D1",0.114496593262662
"34","UniRef90_D4MUM4|g__Anaerostipes.s__Anaerostipes_hadrus",265.5136447106,"GO_Pt13_C1D3",0.136394174516868
"35","UniRef90_D4MUM4|g__Anaerostipes.s__Anaerostipes_hadrus",214.9478305315,"GO_Pt13_C1D7",0.101846759131008
"36","UniRef90_D4MUM4|g__Anaerostipes.s__Anaerostipes_hadrus",214.2026268156,"GO_Pt13_C2D1",0.127476683243942
"37","UniRef90_D4MUM4|g__Anaerostipes.s__Anaerostipes_hadrus",214.7442650947,"GO_Pt13_C3D1",0.12645052737421
"38","UniRef90_A0A0A6ZVN4|g__Escherichia.s__Escherichia_coli",39.950062422,"GO_Pt14_Baseline",0.025030813271925
"39","UniRef90_D4MUM4|g__Anaerostipes.s__Anaerostipes_hadrus",13.1791409179,"GO_Pt14_Baseline",0.00825742427923411
"40","UniRef90_D4MUM4|g__Anaerostipes.s__Anaerostipes_hadrus",14.1242937853,"GO_Pt14_C1D1",0.00602575329419216
"41","UniRef90_D4MUM4|g__Anaerostipes.s__Anaerostipes_hadrus",98.6139243354,"GO_Pt14_C1D3",0.0524355167129115
"42","UniRef90_D4MUM4|g__Anaerostipes.s__Anaerostipes_hadrus",47.0633657098,"GO_Pt14_C2D1",0.0269335373486199
"43","UniRef90_D4MUM4|g__Anaerostipes.s__Anaerostipes_hadrus",43.3074607952,"GO_Pt14_C3D1",0.0272954455001971
"44","UniRef90_P76440|g__Escherichia.s__Escherichia_coli",4.5703839122,"GO_Pt15_Baseline",0.00350231062292614
"45","UniRef90_P76440|g__Klebsiella.s__Klebsiella_oxytoca",4.5027937276,"GO_Pt15_Baseline",0.0034505158883748
"46","UniRef90_P76440|g__Escherichia.s__Escherichia_coli",8.226691042,"GO_Pt15_C1D1",0.00460863801354611
"47","UniRef90_P76440|unclassified",5.8873002523,"GO_Pt15_C1D1",0.00329809829995915
"48","UniRef90_P76440|g__Klebsiella.s__Klebsiella_oxytoca",4.5703839122,"GO_Pt15_C1D1",0.00256035445195761
"49","UniRef90_P76440|g__Escherichia.s__Escherichia_fergusonii",1.8281535649,"GO_Pt15_C1D1",0.00102414178079425
"50","UniRef90_A0A0A6ZVN4|unclassified",1.7904121995,"GO_Pt15_C1D7",0.00145186628432926
"51","UniRef90_P76440|g__Klebsiella.s__Klebsiella_oxytoca",4.5703839122,"GO_Pt15_C2D1",0.00519109428104259
"52","UniRef90_P76440|g__Escherichia.s__Escherichia_coli",2.7422303473,"GO_Pt15_C2D1",0.00311465656860284
"53","UniRef90_A0A0A6ZVN4|unclassified",5.432029558,"GO_Pt15_C2D1",0.00616976125303544
"54","UniRef90_D4MUM4|g__Anaerostipes.s__Anaerostipes_hadrus",157.4629815151,"GO_Pt17_Baseline",0.111585824891218
"55","UniRef90_D4MUM4|g__Anaerostipes.s__Anaerostipes_hadrus",350.9809555864,"GO_Pt17_C1D1",0.193376126470495
"56","UniRef90_D4MUM4|g__Anaerostipes.s__Anaerostipes_hadrus",279.1463892417,"GO_Pt17_C1D7",0.166465232240877
"57","UniRef90_D4MUM4|g__Anaerostipes.s__Anaerostipes_hadrus",207.3269908541,"GO_Pt17_C2D1",0.150920032995944
"58","UniRef90_D4MUM4|g__Anaerostipes.s__Anaerostipes_hadrus",1135.5858909139,"GO_Pt17_C3D1",0.233596293804318
"59","UniRef90_P76440|g__Escherichia.s__Escherichia_coli",54.9815050416,"GO_Pt17_Final",0.0197954086054144
"60","UniRef90_P76440|g__Klebsiella.s__Klebsiella_oxytoca",27.5440125033,"GO_Pt17_Final",0.00991687989848448
"61","UniRef90_P76440|g__Escherichia.s__Escherichia_fergusonii",14.6671971502,"GO_Pt17_Final",0.00528074232352678
"62","UniRef90_P76440|g__Escherichia.s__Escherichia_coli",42.9118362278,"GO_Pt18_Baseline",0.0265322762506543
"63","UniRef90_P76440|g__Klebsiella.s__Klebsiella_pneumoniae",24.6800731261,"GO_Pt18_Baseline",0.0152596247476312
"64","UniRef90_P76440|g__Klebsiella.s__Klebsiella_oxytoca",17.1394791142,"GO_Pt18_Baseline",0.010597295166681
"65","UniRef90_P76440|g__Escherichia.s__Escherichia_fergusonii",0.9140767824,"GO_Pt18_Baseline",0.000565171286919534
"66","UniRef90_A0A0A6ZVN4|g__Escherichia.s__Escherichia_coli",63.1076625488,"GO_Pt18_Baseline",0.0390193029118874
"67","UniRef90_P76440|g__Escherichia.s__Escherichia_coli",12.7540783112,"GO_Pt18_C1D1",0.0109758016203168
"68","UniRef90_P76440|g__Klebsiella.s__Klebsiella_pneumoniae",11.8829981718,"GO_Pt18_C1D1",0.0102261745149966
"69","UniRef90_P76440|g__Klebsiella.s__Klebsiella_oxytoca",7.3126142596,"GO_Pt18_C1D1",0.00629303047079359
"70","UniRef90_P76440|g__Escherichia.s__Escherichia_fergusonii",3.6563071298,"GO_Pt18_C1D1",0.00314651523539679
"71","UniRef90_P76440|unclassified",3.5823087196,"GO_Pt18_C1D1",0.00308283428168485
"72","UniRef90_A0A0A6ZVN4|g__Escherichia.s__Escherichia_coli",24.9066002491,"GO_Pt18_C1D1",0.0214339207193509
"73","UniRef90_A0A0A6ZVN4|unclassified",2.6686458466,"GO_Pt18_C1D1",0.00229656167168445
"74","UniRef90_P76440|g__Klebsiella.s__Klebsiella_oxytoca",32.9050946216,"GO_Pt18_C1D3",0.0155324765967242
"75","UniRef90_P76440|g__Klebsiella.s__Klebsiella_pneumoniae",25.5801392537,"GO_Pt18_C1D3",0.0120748145193974
"76","UniRef90_P76440|g__Escherichia.s__Escherichia_coli",21.9246668972,"GO_Pt18_C1D3",0.010349290266079
"77","UniRef90_P76440|g__Escherichia.s__Escherichia_fergusonii",6.3985374771,"GO_Pt18_C1D3",0.00302035702249824
"78","UniRef90_A0A0A6ZVN4|g__Escherichia.s__Escherichia_coli",17.4131110054,"GO_Pt18_C1D3",0.00821966149247878
"79","UniRef90_A0A0A6ZVN4|g__Escherichia.s__Escherichia_coli",155.3226232253,"GO_Pt18_C1D7",0.085149402975772
"80","UniRef90_P76440|g__Escherichia.s__Escherichia_coli",69.2026889014,"GO_Pt18_C1D7",0.03793760060133
"81","UniRef90_P76440|g__Klebsiella.s__Klebsiella_pneumoniae",43.6771918972,"GO_Pt18_C1D7",0.0239442699104442
"82","UniRef90_P76440|g__Klebsiella.s__Klebsiella_oxytoca",21.0146761017,"GO_Pt18_C1D7",0.0115204539212129
"83","UniRef90_P76440|g__Escherichia.s__Escherichia_fergusonii",2.741395574,"GO_Pt18_C1D7",0.00150286025048604
"84","UniRef90_P76440|g__Escherichia.s__Escherichia_coli",47.3664790162,"GO_Pt18_C2D1",0.0271584974755648
"85","UniRef90_P76440|g__Klebsiella.s__Klebsiella_pneumoniae",29.9903359633,"GO_Pt18_C2D1",0.0171955458895743
"86","UniRef90_P76440|g__Klebsiella.s__Klebsiella_oxytoca",19.1956124314,"GO_Pt18_C2D1",0.0110061799523202
"87","UniRef90_P76440|g__Escherichia.s__Escherichia_fergusonii",1.8281535649,"GO_Pt18_C2D1",0.00104820761450942
"88","UniRef90_A0A0A6ZVN4|g__Escherichia.s__Escherichia_coli",88.3057750022,"GO_Pt18_C2D1",0.0506318438120513
"89","UniRef90_P76440|g__Escherichia.s__Escherichia_coli",48.5347985348,"GO_Pt18_C3D1",0.0197822562703641
"90","UniRef90_P76440|g__Klebsiella.s__Klebsiella_pneumoniae",42.1154095225,"GO_Pt18_C3D1",0.0171657830928886
"91","UniRef90_P76440|g__Klebsiella.s__Klebsiella_oxytoca",23.7818723609,"GO_Pt18_C3D1",0.00969323264616186
"92","UniRef90_P76440|g__Escherichia.s__Escherichia_fergusonii",1.8315018315,"GO_Pt18_C3D1",0.000746500236616743
"93","UniRef90_A0A0A6ZVN4|g__Escherichia.s__Escherichia_coli",64.8802926485,"GO_Pt18_C3D1",0.0264445019823988
"94","UniRef90_P76440|g__Escherichia.s__Escherichia_coli",155.7391039781,"GO_Pt18_Final",0.0501030993247756
"95","UniRef90_P76440|g__Klebsiella.s__Klebsiella_oxytoca",13.6997572716,"GO_Pt18_Final",0.00440737285480218
"96","UniRef90_A0A0A6ZVN4|g__Escherichia.s__Escherichia_coli",99.5438637172,"GO_Pt18_Final",0.0320244303684714
"97","UniRef90_D4MUM4|g__Anaerostipes.s__Anaerostipes_hadrus",148.607240667,"GO_Pt19_Baseline",0.0724792839788092
"98","UniRef90_D4MUM4|g__Anaerostipes.s__Anaerostipes_hadrus",141.9835683405,"GO_Pt19_C1D3",0.0796523706985926
"99","UniRef90_D4MUM4|g__Anaerostipes.s__Anaerostipes_hadrus",341.1884660318,"GO_Pt19_C1D7",0.198315359140302
"100","UniRef90_D4MUM4|g__Anaerostipes.s__Anaerostipes_hadrus",189.1765193438,"GO_Pt19_C2D1",0.0902271296366711
"101","UniRef90_D4MUM4|g__Anaerostipes.s__Anaerostipes_hadrus",225.7846123953,"GO_Pt19_C3D1",0.142567702150679
"102","UniRef90_D4MUM4|g__Anaerostipes.s__Anaerostipes_hadrus",394.1108321694,"GO_Pt2_Baseline",0.365634989825058
"103","UniRef90_D4MUM4|g__Anaerostipes.s__Anaerostipes_hadrus",530.0695621654,"GO_Pt2_C1D1",0.26302480023297
"104","UniRef90_D4MUM4|g__Anaerostipes.s__Anaerostipes_hadrus",165.876362524,"GO_Pt2_C1D3",0.101406410146749
"105","UniRef90_D4MUM4|g__Anaerostipes.s__Anaerostipes_hadrus",882.505850872,"GO_Pt2_C1D7",0.40164339042047
"106","UniRef90_D4MUM4|g__Anaerostipes.s__Anaerostipes_hadrus",33.5988869627,"GO_Pt2_C2D1",0.0166539803070833
"107","UniRef90_D4MUM4|g__Anaerostipes.s__Anaerostipes_hadrus",261.8868475874,"GO_Pt2_C3D1",0.177493090592601
"108","UniRef90_D4MUM4|g__Anaerostipes.s__Anaerostipes_hadrus",343.0481040204,"GO_Pt20_Baseline",0.125220965376729
"109","UniRef90_D4MUM4|g__Anaerostipes.s__Anaerostipes_hadrus",191.8520046168,"GO_Pt20_C1D1",0.108375358038041
"110","UniRef90_D4MUM4|g__Anaerostipes.s__Anaerostipes_hadrus",435.8929543695,"GO_Pt20_C1D3",0.216401799471663
"111","UniRef90_P76440|g__Escherichia.s__Escherichia_coli",415.0935823296,"GO_Pt20_C1D7",0.254932067095432
"112","UniRef90_P76440|g__Klebsiella.s__Klebsiella_oxytoca",265.4842078783,"GO_Pt20_C1D7",0.163048625121521
"113","UniRef90_P76440|g__Escherichia.s__Escherichia_fergusonii",75.0386904062,"GO_Pt20_C1D7",0.0460854353614095
"114","UniRef90_A0A0A6ZVN4|g__Escherichia.s__Escherichia_coli",88.4143434101,"GO_Pt20_C1D7",0.0543001681691258
"115","UniRef90_D4MUM4|g__Anaerostipes.s__Anaerostipes_hadrus",32.9566854991,"GO_Pt20_C2D1",0.0166915994337671
"116","UniRef90_D4MUM4|g__Anaerostipes.s__Anaerostipes_hadrus",16.8152284679,"GO_Pt20_C3D1",0.00714251587281847
"117","UniRef90_P76440|g__Klebsiella.s__Klebsiella_oxytoca",11.7814149529,"GO_Pt21_Baseline",0.00587971081802714
"118","UniRef90_P76440|g__Escherichia.s__Escherichia_fergusonii",6.4102564103,"GO_Pt21_Baseline",0.00319914493400398
"119","UniRef90_P76440|g__Escherichia.s__Escherichia_coli",3.6588297755,"GO_Pt21_Baseline",0.00182599977153269
"120","UniRef90_P76440|g__Klebsiella.s__Klebsiella_oxytoca",17.3333860384,"GO_Pt21_C1D1",0.00810482557357376
"121","UniRef90_P76440|g__Escherichia.s__Escherichia_coli",1.8315018315,"GO_Pt21_C1D1",0.000856382177671651
"122","UniRef90_P76440|g__Escherichia.s__Escherichia_fergusonii",0.9157509158,"GO_Pt21_C1D1",0.000428191088859204
"123","UniRef90_P76440|g__Klebsiella.s__Klebsiella_oxytoca",22.8937728938,"GO_Pt21_C1D3",0.0133937083946313
"124","UniRef90_P76440|g__Escherichia.s__Escherichia_coli",4.5787545788,"GO_Pt21_C1D3",0.00267874167894965
"125","UniRef90_P76440|g__Escherichia.s__Escherichia_fergusonii",4.4479330194,"GO_Pt21_C1D3",0.00260220620240489
"126","UniRef90_D4MUM4|g__Anaerostipes.s__Anaerostipes_hadrus",164.726034434,"GO_Pt21_C1D7",0.0833845589479686
"127","UniRef90_D4MUM4|g__Anaerostipes.s__Anaerostipes_hadrus",234.9978391279,"GO_Pt22_Baseline",0.0942341001082876
"128","UniRef90_D4MUM4|g__Anaerostipes.s__Anaerostipes_hadrus",150.1363231324,"GO_Pt22_C1D1",0.0423741170893553
"129","UniRef90_A0A0A6ZVN4|g__Escherichia.s__Escherichia_coli",7.483690957,"GO_Pt22_C1D1",0.0021121790533848
"130","UniRef90_D4MUM4|g__Anaerostipes.s__Anaerostipes_hadrus",59.4900849858,"GO_Pt22_C1D3",0.0253221855901216
"131","UniRef90_A0A0A6ZVN4|g__Escherichia.s__Escherichia_coli",40.1002506266,"GO_Pt22_C1D3",0.0170688273318072
"132","UniRef90_P76440|g__Escherichia.s__Escherichia_coli",11.0192837466,"GO_Pt22_C1D3",0.00469040089904426
"133","UniRef90_P76440|g__Klebsiella.s__Klebsiella_oxytoca",7.338631739,"GO_Pt22_C1D3",0.00312371708523986
"134","UniRef90_D4MUM4|g__Anaerostipes.s__Anaerostipes_hadrus",1097.2725653429,"GO_Pt22_C1D7",0.383447310841077
"135","UniRef90_A0A0A6ZVN4|g__Escherichia.s__Escherichia_coli",25.0626566416,"GO_Pt22_C1D7",0.00875826899832456
"136","UniRef90_D4MUM4|g__Anaerostipes.s__Anaerostipes_hadrus",160.5243633162,"GO_Pt23_Baseline",0.0924395819106854
"137","UniRef90_D4MUM4|g__Anaerostipes.s__Anaerostipes_hadrus",376.5151049454,"GO_Pt23_C1D1",0.116542715022618
"138","UniRef90_D4MUM4|g__Anaerostipes.s__Anaerostipes_hadrus",922.4844690226,"GO_Pt23_C1D3",0.228961828808453
"139","UniRef90_D4MUM4|g__Anaerostipes.s__Anaerostipes_hadrus",275.0474821051,"GO_Pt23_C1D7",0.215124281167303
"140","UniRef90_D4MUM4|g__Anaerostipes.s__Anaerostipes_hadrus",169.7912087044,"GO_Pt23_C2D1",0.0657166577873294
"141","UniRef90_D4MUM4|g__Anaerostipes.s__Anaerostipes_hadrus",274.4995538238,"GO_Pt23_C3D1",0.124718590021088
"142","UniRef90_A0A0A6ZVN4|g__Escherichia.s__Escherichia_coli",147.630446469,"GO_Pt24_Baseline",0.0476870513608203
"143","UniRef90_P76440|g__Escherichia.s__Escherichia_coli",14.5113004424,"GO_Pt24_Baseline",0.00468738763622403
"144","UniRef90_P76440|g__Escherichia.s__Escherichia_fergusonii",11.8492618493,"GO_Pt24_Baseline",0.0038275055851303
"145","UniRef90_P76440|g__Klebsiella.s__Klebsiella_pneumoniae",5.5096418733,"GO_Pt24_Baseline",0.00177970453436889
"146","UniRef90_D4MUM4|g__Anaerostipes.s__Anaerostipes_hadrus",172.5189166765,"GO_Pt24_C1D1",0.101000677516501
"147","UniRef90_A0A0A6ZVN4|g__Escherichia.s__Escherichia_coli",50.0113921167,"GO_Pt24_C1D1",0.0292790181195135
"148","UniRef90_P76440|g__Escherichia.s__Escherichia_coli",8.2644628099,"GO_Pt24_C1D1",0.00483840473375477
"149","UniRef90_P76440|g__Escherichia.s__Escherichia_fergusonii",4.5812865409,"GO_Pt24_C1D1",0.00268210033683312
"150","UniRef90_D4MUM4|g__Anaerostipes.s__Anaerostipes_hadrus",65.0612730395,"GO_Pt25_Baseline",0.0235504468818215
"151","UniRef90_D4MUM4|g__Anaerostipes.s__Anaerostipes_hadrus",321.5592247125,"GO_Pt25_C1D1",0.0641735878381718
"152","UniRef90_P76440|g__Klebsiella.s__Klebsiella_oxytoca",4.5913682277,"GO_Pt25_C1D1",0.000916299547995033
"153","UniRef90_P76440|g__Escherichia.s__Escherichia_coli",1.8365472911,"GO_Pt25_C1D1",0.000366519819202005
"154","UniRef90_P76440|g__Escherichia.s__Escherichia_fergusonii",0.9182736455,"GO_Pt25_C1D1",0.000183259909591024
"155","UniRef90_D4MUM4|g__Anaerostipes.s__Anaerostipes_hadrus",462.3778616505,"GO_Pt25_C1D3",0.0826959419254055
"156","UniRef90_D4MUM4|g__Anaerostipes.s__Anaerostipes_hadrus",187.7722400941,"GO_Pt25_C2D1",0.0371392573619585
"157","UniRef90_D4MUM4|g__Anaerostipes.s__Anaerostipes_hadrus",116.9442146463,"GO_Pt25_C3D1",0.0362237599421921
"158","UniRef90_D4MUM4|g__Anaerostipes.s__Anaerostipes_hadrus",349.1965195289,"GO_Pt25_Final",0.0749704994404594
"159","UniRef90_D4MUM4|g__Anaerostipes.s__Anaerostipes_hadrus",577.310016098,"GO_Pt29_Baseline",0.121289410034812
"160","UniRef90_P76440|g__Klebsiella.s__Klebsiella_oxytoca",8.2611022476,"GO_Pt29_Baseline",0.00173560858102031
"161","UniRef90_P76440|g__Klebsiella.s__Klebsiella_pneumoniae",2.7548209366,"GO_Pt29_Baseline",0.00057877153840172
"162","UniRef90_P76440|g__Escherichia.s__Escherichia_coli",0.9182736455,"GO_Pt29_Baseline",0.000192923846126903
"163","UniRef90_D4MUM4|g__Anaerostipes.s__Anaerostipes_hadrus",711.8466126309,"GO_Pt29_C1D1",0.194656558025273
"164","UniRef90_D4MUM4|g__Anaerostipes.s__Anaerostipes_hadrus",62.3229461756,"GO_Pt29_C1D3",0.0250948469556608
"165","UniRef90_D4MUM4|g__Anaerostipes.s__Anaerostipes_hadrus",107.6442877733,"GO_Pt29_C2D1",0.034403795841875
"166","UniRef90_D4MUM4|g__Anaerostipes.s__Anaerostipes_hadrus",25.4957507082,"GO_Pt29_C3D1",0.0122826384123007
"167","UniRef90_P76440|g__Klebsiella.s__Klebsiella_pneumoniae",5.5021150401,"GO_Pt29_C3D1",0.00265065697864288
"168","UniRef90_P76440|g__Escherichia.s__Escherichia_fergusonii",3.5860351074,"GO_Pt29_C3D1",0.00172758092366521
"169","UniRef90_P76440|g__Klebsiella.s__Klebsiella_oxytoca",2.7548209366,"GO_Pt29_C3D1",0.00132714152417606
"170","UniRef90_P76440|g__Escherichia.s__Escherichia_coli",1.8365472911,"GO_Pt29_C3D1",0.000884761016133429
"171","UniRef90_D4MUM4|g__Anaerostipes.s__Anaerostipes_hadrus",924.5310666836,"GO_Pt30_Baseline",0.247133121452187
"172","UniRef90_D4MUM4|g__Anaerostipes.s__Anaerostipes_hadrus",648.7459266951,"GO_Pt30_C1D1",0.185671187830407
"173","UniRef90_D4MUM4|g__Anaerostipes.s__Anaerostipes_hadrus",702.3876853343,"GO_Pt30_C1D3",0.263078108622117
"174","UniRef90_D4MUM4|g__Anaerostipes.s__Anaerostipes_hadrus",615.286120128,"GO_Pt30_C3D1",0.267181347589633
"175","UniRef90_P76440|g__Klebsiella.s__Klebsiella_oxytoca",14.6890177665,"GO_Pt30_C3D1",0.0063785472046811
"176","UniRef90_P76440|g__Escherichia.s__Escherichia_coli",8.2644628099,"GO_Pt30_C3D1",0.00358875365203123
"177","UniRef90_P76440|g__Escherichia.s__Escherichia_fergusonii",1.8365472911,"GO_Pt30_C3D1",0.000797500811567321
"178","UniRef90_D4MUM4|g__Anaerostipes.s__Anaerostipes_hadrus",34.7301173848,"GO_Pt31_Baseline",0.0200465352269236
"179","UniRef90_D4MUM4|g__Anaerostipes.s__Anaerostipes_hadrus",56.447879671,"GO_Pt31_C1D1",0.0153442905761024
"180","UniRef90_D4MUM4|g__Anaerostipes.s__Anaerostipes_hadrus",131.073200533,"GO_Pt31_C1D3",0.0271624277298069
"181","UniRef90_D4MUM4|g__Anaerostipes.s__Anaerostipes_hadrus",103.5030769182,"GO_Pt31_C1D7",0.0299372328915041
"182","UniRef90_D4MUM4|g__Anaerostipes.s__Anaerostipes_hadrus",66.0929744508,"GO_Pt31_C2D1",0.0173576544409649
"183","UniRef90_D4MUM4|g__Anaerostipes.s__Anaerostipes_hadrus",117.721813488,"GO_Pt31_C3D1",0.032144433776598
"184","UniRef90_P76440|g__Escherichia.s__Escherichia_coli",5.5096418733,"GO_Pt31_C3D1",0.00150443076844986
"185","UniRef90_P76440|g__Klebsiella.s__Klebsiella_oxytoca",5.5096418733,"GO_Pt31_C3D1",0.00150443076844986
"186","UniRef90_P76440|g__Escherichia.s__Escherichia_fergusonii",2.7548209366,"GO_Pt31_C3D1",0.000752215384211279
"187","UniRef90_D4MUM4|g__Anaerostipes.s__Anaerostipes_hadrus",45.1922980453,"GO_Pt31_Final",0.0174583668085902
"188","UniRef90_D4MUM4|g__Anaerostipes.s__Anaerostipes_hadrus",79.1333021568,"GO_Pt32_Baseline",0.030273077579698
"189","UniRef90_D4MUM4|g__Anaerostipes.s__Anaerostipes_hadrus",40.6043437205,"GO_Pt32_C1D1",0.0199761877518267
"190","UniRef90_D4MUM4|g__Anaerostipes.s__Anaerostipes_hadrus",402.508042217,"GO_Pt32_C1D3",0.186776640561019
"191","UniRef90_D4MUM4|g__Anaerostipes.s__Anaerostipes_hadrus",1623.5082034115,"GO_Pt32_C1D7",0.809855877526048
"192","UniRef90_P76440|g__Klebsiella.s__Klebsiella_oxytoca",13.7741046832,"GO_Pt32_C1D7",0.00687094750239534
"193","UniRef90_P76440|g__Escherichia.s__Escherichia_coli",4.5566227384,"GO_Pt32_C1D7",0.00227298371428478
"194","UniRef90_P76440|g__Escherichia.s__Escherichia_fergusonii",0.9182736455,"GO_Pt32_C1D7",0.000458063166803077
"195","UniRef90_A0A0A6ZVN4|unclassified",4.5361416382,"GO_Pt32_C1D7",0.00226276711091911
"196","UniRef90_D4MUM4|g__Anaerostipes.s__Anaerostipes_hadrus",97.940466159,"GO_Pt32_C2D1",0.0440522589307431
"197","UniRef90_P76440|g__Klebsiella.s__Klebsiella_oxytoca",7.3461891644,"GO_Pt32_C2D1",0.00330421367097639
"198","UniRef90_P76440|g__Escherichia.s__Escherichia_coli",1.8365472911,"GO_Pt32_C2D1",0.000826053417744097
"199","UniRef90_P76440|g__Escherichia.s__Escherichia_fergusonii",1.8365472911,"GO_Pt32_C2D1",0.000826053417744097
"200","UniRef90_A0A0A6ZVN4|unclassified",2.3024225435,"GO_Pt32_C2D1",0.00103559762406667
"201","UniRef90_D4MUM4|unclassified",93.8209687305,"GO_Pt33_Baseline",0.0292489533026807
"202","UniRef90_P76440|g__Escherichia.s__Escherichia_coli",16.5289256198,"GO_Pt33_Baseline",0.00515293947758875
"203","UniRef90_P76440|g__Klebsiella.s__Klebsiella_oxytoca",13.7741046832,"GO_Pt33_Baseline",0.00429411623133435
"204","UniRef90_A0A0A6ZVN4|g__Escherichia.s__Escherichia_coli",24.9484759735,"GO_Pt33_Baseline",0.00777775819836245
"205","UniRef90_D4MUM4|unclassified",197.8266643075,"GO_Pt33_C1D1",0.0514175880642822
"206","UniRef90_A0A0A6ZVN4|g__Escherichia.s__Escherichia_coli",61.3957059523,"GO_Pt33_C1D1",0.0159575006161163
"207","UniRef90_P76440|g__Escherichia.s__Escherichia_coli",39.4857667585,"GO_Pt33_C1D1",0.0102628374021161
"208","UniRef90_P76440|g__Klebsiella.s__Klebsiella_oxytoca",20.202020202,"GO_Pt33_C1D1",0.00525075401968127
"209","UniRef90_D4MUM4|unclassified",68.6886732003,"GO_Pt33_C1D3",0.0426566957692599
"210","UniRef90_P76440|g__Escherichia.s__Escherichia_coli",9.1643709826,"GO_Pt33_C1D3",0.00569121176327648
"211","UniRef90_P76440|g__Klebsiella.s__Klebsiella_oxytoca",4.5913682277,"GO_Pt33_C1D3",0.00285130849860104
"212","UniRef90_A0A0A6ZVN4|g__Escherichia.s__Escherichia_coli",11.2781954887,"GO_Pt33_C1D3",0.00700392846990694
"213","UniRef90_D4MUM4|unclassified",72.5023414308,"GO_Pt33_C1D7",0.0362918549990138
"214","UniRef90_P76440|g__Escherichia.s__Escherichia_coli",27.5482093664,"GO_Pt33_C1D7",0.0137895632068945
"215","UniRef90_P76440|g__Klebsiella.s__Klebsiella_oxytoca",12.8558310376,"GO_Pt33_C1D7",0.00643512949652408
"216","UniRef90_A0A0A6ZVN4|g__Escherichia.s__Escherichia_coli",32.5814536341,"GO_Pt33_C1D7",0.0163090097176301
"217","UniRef90_D4MUM4|unclassified",44.0519013392,"GO_Pt33_C2D1",0.0175849073649786
"218","UniRef90_P76440|g__Escherichia.s__Escherichia_coli",27.4835409089,"GO_Pt33_C2D1",0.0109710479287427
"219","UniRef90_P76440|g__Klebsiella.s__Klebsiella_oxytoca",11.9375573921,"GO_Pt33_C2D1",0.00476530716092824
"220","UniRef90_A0A0A6ZVN4|g__Escherichia.s__Escherichia_coli",25.0056960583,"GO_Pt33_C2D1",0.00998192666863903
"221","UniRef90_D4MUM4|g__Anaerostipes.s__Anaerostipes_hadrus",283.4785772056,"GO_Pt33_Final",0.117525971041579
"222","UniRef90_P76440|unclassified",8.9837578254,"GO_Pt33_Final",0.00372453140001037
"223","UniRef90_P76440|g__Klebsiella.s__Klebsiella_pneumoniae",145.7719911235,"GO_Pt34_Baseline",0.0832263573594342
"224","UniRef90_P76440|g__Escherichia.s__Escherichia_coli",143.8736323052,"GO_Pt34_Baseline",0.082142517534029
"225","UniRef90_P76440|g__Klebsiella.s__Klebsiella_oxytoca",24.7883567933,"GO_Pt34_Baseline",0.0141525448402808
"226","UniRef90_P76440|g__Escherichia.s__Escherichia_fergusonii",10.101010101,"GO_Pt34_Baseline",0.0057670219764293
"227","UniRef90_A0A0A6ZVN4|g__Escherichia.s__Escherichia_coli",50.0114057843,"GO_Pt34_Baseline",0.0285532707468165
"228","UniRef90_P76440|g__Klebsiella.s__Klebsiella_pneumoniae",137.5612236271,"GO_Pt34_C1D1",0.0654509567301998
"229","UniRef90_P76440|g__Escherichia.s__Escherichia_coli",106.4881130536,"GO_Pt34_C1D1",0.0506665228469132
"230","UniRef90_P76440|g__Klebsiella.s__Klebsiella_oxytoca",36.6441798081,"GO_Pt34_C1D1",0.0174351213502954
"231","UniRef90_P76440|g__Escherichia.s__Escherichia_fergusonii",22.0385674931,"GO_Pt34_C1D1",0.0104858425169047
"232","UniRef90_A0A0A6ZVN4|g__Escherichia.s__Escherichia_coli",32.5478329971,"GO_Pt34_C1D1",0.0154860995924966
"233","UniRef90_P76440|g__Klebsiella.s__Klebsiella_oxytoca",610.0022184969,"GO_Pt34_C1D3",0.257563608005713
"234","UniRef90_P76440|g__Klebsiella.s__Klebsiella_pneumoniae",314.5351929679,"GO_Pt34_C1D3",0.132807417234003
"235","UniRef90_P76440|g__Escherichia.s__Escherichia_coli",230.835543931,"GO_Pt34_C1D3",0.0974665890516459
"236","UniRef90_P76440|g__Escherichia.s__Escherichia_fergusonii",169.722562941,"GO_Pt34_C1D3",0.0716626175209277
"237","UniRef90_A0A0A6ZVN4|g__Escherichia.s__Escherichia_coli",63.5443358335,"GO_Pt34_C1D3",0.0268305719378071
"238","UniRef90_D4MUM4|g__Anaerostipes.s__Anaerostipes_hadrus",164.1815733768,"GO_Pt38_Baseline",0.040517468063539
"239","UniRef90_D4MUM4|g__Anaerostipes.s__Anaerostipes_hadrus",164.107652461,"GO_Pt38_C1D1",0.0369508769257505
"240","UniRef90_A0A0A6ZVN4|g__Escherichia.s__Escherichia_coli",26.3157894737,"GO_Pt38_C1D1",0.00592532696351705
"241","UniRef90_D4MUM4|g__Anaerostipes.s__Anaerostipes_hadrus",171.7076790446,"GO_Pt38_C1D3",0.0622435030924824
"242","UniRef90_D4MUM4|g__Anaerostipes.s__Anaerostipes_hadrus",306.7286820698,"GO_Pt38_C1D7",0.115568069792607
"243","UniRef90_D4MUM4|g__Anaerostipes.s__Anaerostipes_hadrus",84.0424411516,"GO_Pt38_C2D1",0.0256313570370535
"244","UniRef90_P76440|unclassified",4.5622611966,"GO_Pt38_C2D1",0.00139140348642911
"245","UniRef90_D4MUM4|g__Anaerostipes.s__Anaerostipes_hadrus",180.1503539528,"GO_Pt38_C3D1",0.0367161830611202
"246","UniRef90_D4MUM4|g__Anaerostipes.s__Anaerostipes_hadrus",45.3257790368,"GO_Pt38_Final",0.0408397761822967
"247","UniRef90_P76440|g__Klebsiella.s__Klebsiella_oxytoca",666.2197996329,"GO_Pt39_Baseline",0.228362467562697
"248","UniRef90_P76440|g__Klebsiella.s__Klebsiella_pneumoniae",421.8902367965,"GO_Pt39_Baseline",0.144612777297443
"249","UniRef90_P76440|g__Escherichia.s__Escherichia_coli",368.6507178629,"GO_Pt39_Baseline",0.126363683046225
"250","UniRef90_P76440|g__Escherichia.s__Escherichia_fergusonii",190.8498013986,"GO_Pt39_Baseline",0.0654182472590128
"251","UniRef90_D4MUM4|g__Anaerostipes.s__Anaerostipes_hadrus",62.8844055476,"GO_Pt4_Baseline",0.0455144814596678
"252","UniRef90_D4MUM4|g__Anaerostipes.s__Anaerostipes_hadrus",156.2436324061,"GO_Pt4_C1D1",0.0896449871525666
"253","UniRef90_D4MUM4|g__Anaerostipes.s__Anaerostipes_hadrus",909.2214280836,"GO_Pt4_C1D3",0.903515940453365
"254","UniRef90_D4MUM4|g__Anaerostipes.s__Anaerostipes_hadrus",588.9401129867,"GO_Pt4_C1D7",0.288009066003478
"255","UniRef90_D4MUM4|g__Anaerostipes.s__Anaerostipes_hadrus",97.6249743082,"GO_Pt4_C2D1",0.0706531016540357
"256","UniRef90_D4MUM4|g__Anaerostipes.s__Anaerostipes_hadrus",87.3981073278,"GO_Pt4_C3D1",0.0784145112188846
"257","UniRef90_D4MUM4|g__Anaerostipes.s__Anaerostipes_hadrus",169.9248295963,"GO_Pt40_Baseline",0.0752129387828704
"258","UniRef90_D4MUM4|g__Anaerostipes.s__Anaerostipes_hadrus",513.863939071,"GO_Pt40_C1D3",0.253888417776842
"259","UniRef90_D4MUM4|g__Anaerostipes.s__Anaerostipes_hadrus",61.2710288861,"GO_Pt40_C1D7",0.0230105022562204
"260","UniRef90_D4MUM4|g__Anaerostipes.s__Anaerostipes_hadrus",67.8580796335,"GO_Pt40_C2D1",0.0211296426953556
"261","UniRef90_D4MUM4|g__Anaerostipes.s__Anaerostipes_hadrus",52.6558761953,"GO_Pt42_Baseline",0.0781208733384772
"262","UniRef90_D4MUM4|g__Anaerostipes.s__Anaerostipes_hadrus",238.7729310582,"GO_Pt42_C1D1",0.133729327755089
"263","UniRef90_D4MUM4|g__Anaerostipes.s__Anaerostipes_hadrus",192.9917774521,"GO_Pt42_C1D3",0.0961623120132217
"264","UniRef90_D4MUM4|g__Anaerostipes.s__Anaerostipes_hadrus",137.8352398449,"GO_Pt42_C1D7",0.0920212640122466
"265","UniRef90_D4MUM4|g__Anaerostipes.s__Anaerostipes_hadrus",535.2334309024,"GO_Pt42_C2D1",0.182694808310301
"266","UniRef90_D4MUM4|g__Anaerostipes.s__Anaerostipes_hadrus",66.0454506188,"GO_Pt42_C3D1",0.129362065655887
"267","UniRef90_D4MUM4|g__Anaerostipes.s__Anaerostipes_hadrus",185.7134240127,"GO_Pt42_Final",0.081764221531295
"268","UniRef90_D4MUM4|g__Anaerostipes.s__Anaerostipes_hadrus",101.0147850894,"GO_Pt43_Baseline",0.0526991430828199
"269","UniRef90_D4MUM4|g__Anaerostipes.s__Anaerostipes_hadrus",231.6724900546,"GO_Pt43_C1D1",0.0674220173249174
"270","UniRef90_D4MUM4|g__Anaerostipes.s__Anaerostipes_hadrus",348.2061780047,"GO_Pt43_C1D3",0.161976081425218
"271","UniRef90_D4MUM4|g__Anaerostipes.s__Anaerostipes_hadrus",162.0950602515,"GO_Pt43_C1D7",0.0648290897776139
"272","UniRef90_D4MUM4|g__Anaerostipes.s__Anaerostipes_hadrus",117.840821337,"GO_Pt43_C2D1",0.0645522640265712
"273","UniRef90_A0A0A6ZVN4|unclassified",2.2277051918,"GO_Pt43_C2D1",0.001220319173635
"274","UniRef90_D4MUM4|g__Anaerostipes.s__Anaerostipes_hadrus",189.7795491056,"GO_Pt43_C3D1",0.0545992202373093
"275","UniRef90_P76440|g__Klebsiella.s__Klebsiella_oxytoca",4.5913682277,"GO_Pt43_C3D1",0.0013209280253653
"276","UniRef90_P76440|g__Escherichia.s__Escherichia_coli",2.7548209366,"GO_Pt43_C3D1",0.000792556815213424
"277","UniRef90_P76440|g__Escherichia.s__Escherichia_fergusonii",1.8365472911,"GO_Pt43_C3D1",0.000528371210151873
"278","UniRef90_D4MUM4|g__Anaerostipes.s__Anaerostipes_hadrus",174.1356314617,"GO_Pt43_Final",0.0835575616549482
"279","UniRef90_P76440|g__Klebsiella.s__Klebsiella_oxytoca",22.0335358567,"GO_Pt43_Final",0.0105726123675478
"280","UniRef90_P76440|g__Escherichia.s__Escherichia_coli",17.3992874934,"GO_Pt43_Final",0.00834890611001519
"281","UniRef90_P76440|g__Escherichia.s__Escherichia_fergusonii",6.4279155188,"GO_Pt43_Final",0.00308438280417676
"282","UniRef90_P76440|g__Escherichia.s__Escherichia_coli",11.0192837466,"GO_Pt44_Baseline",0.00422996362801787
"283","UniRef90_P76440|g__Klebsiella.s__Klebsiella_oxytoca",10.101010101,"GO_Pt44_Baseline",0.00387746665899719
"284","UniRef90_P76440|g__Escherichia.s__Escherichia_fergusonii",3.6730945822,"GO_Pt44_Baseline",0.00140998787600596
"285","UniRef90_A0A0A6ZVN4|g__Escherichia.s__Escherichia_coli",13.7766583333,"GO_Pt44_Baseline",0.00528843480262218
"286","UniRef90_D4MUM4|g__Anaerostipes.s__Anaerostipes_hadrus",51.9357884797,"GO_Pt44_C1D1",0.110623002991493
"287","UniRef90_D4MUM4|g__Anaerostipes.s__Anaerostipes_hadrus",6.6046895158,"GO_Pt44_C1D3",0.0140741332640121
"288","UniRef90_P76440|unclassified",6.3127886408,"GO_Pt44_C1D3",0.0134521128337097
"289","UniRef90_P76440|g__Escherichia.s__Escherichia_coli",36.7309458219,"GO_Pt44_C1D7",0.0172612427090328
"290","UniRef90_P76440|g__Klebsiella.s__Klebsiella_oxytoca",20.1571090019,"GO_Pt44_C1D7",0.00947257804036118
"291","UniRef90_A0A0A6ZVN4|g__Escherichia.s__Escherichia_coli",22.5037383374,"GO_Pt44_C1D7",0.0105753467712456
"292","UniRef90_D4MUM4|g__Anaerostipes.s__Anaerostipes_hadrus",7.5542965061,"GO_Pt44_C1D7",0.00355004595090074
"293","UniRef90_P76440|g__Escherichia.s__Escherichia_coli",25.708301513,"GO_Pt44_C2D1",0.0120428084779325
"294","UniRef90_P76440|g__Klebsiella.s__Klebsiella_oxytoca",11.9375573921,"GO_Pt44_C2D1",0.00559203482558701
"295","UniRef90_P76440|unclassified",7.0193179573,"GO_Pt44_C2D1",0.00328813250314223
"296","UniRef90_P76440|g__Escherichia.s__Escherichia_fergusonii",1.8365472911,"GO_Pt44_C2D1",0.000860313050093912
"297","UniRef90_D4MUM4|g__Anaerostipes.s__Anaerostipes_hadrus",24.5514636449,"GO_Pt44_C2D1",0.0115008988197427
"298","UniRef90_D4MUM4|g__Anaerostipes.s__Anaerostipes_hadrus",58.4759897046,"GO_Pt45_Baseline",0.0253524479205722
"299","UniRef90_D4MUM4|g__Anaerostipes.s__Anaerostipes_hadrus",63.2495665025,"GO_Pt45_C1D1",0.018842502161904
"300","UniRef90_D4MUM4|g__Anaerostipes.s__Anaerostipes_hadrus",66.7473248651,"GO_Pt45_C1D3",0.0442363830287129
"301","UniRef90_D4MUM4|g__Anaerostipes.s__Anaerostipes_hadrus",61.3733391853,"GO_Pt45_C1D7",0.0245390088263519
"302","UniRef90_D4MUM4|g__Anaerostipes.s__Anaerostipes_hadrus",60.4308187582,"GO_Pt45_C2D1",0.0258851509248456
"303","UniRef90_P76440|unclassified",6.4580325392,"GO_Pt45_C2D1",0.00276625652919972
"304","UniRef90_D4MUM4|g__Anaerostipes.s__Anaerostipes_hadrus",64.0164748722,"GO_Pt45_C3D1",0.0291091528788963
"305","UniRef90_D4MUM4|g__Anaerostipes.s__Anaerostipes_hadrus",8.4985835694,"GO_Pt45_Final",0.00921832749718082
"306","UniRef90_A0A0A6ZVN4|g__Escherichia.s__Escherichia_coli",98.9974937343,"GO_Pt47_Baseline",0.0387418634237605
"307","UniRef90_P76440|g__Klebsiella.s__Klebsiella_pneumoniae",12.8280293422,"GO_Pt47_Baseline",0.00502014487463043
"308","UniRef90_P76440|g__Escherichia.s__Escherichia_coli",10.101010101,"GO_Pt47_Baseline",0.00395294809003211
"309","UniRef90_P76440|g__Escherichia.s__Escherichia_fergusonii",6.4279155188,"GO_Pt47_Baseline",0.00251551242092241
"310","UniRef90_A0A0A6ZVN4|g__Escherichia.s__Escherichia_coli",221.6707248548,"GO_Pt47_C1D1",0.0950333594501187
"311","UniRef90_P76440|g__Klebsiella.s__Klebsiella_pneumoniae",25.7125060768,"GO_Pt47_C1D1",0.011023313222621
"312","UniRef90_P76440|g__Escherichia.s__Escherichia_coli",18.3579154855,"GO_Pt47_C1D1",0.00787029673057274
"313","UniRef90_P76440|g__Escherichia.s__Escherichia_fergusonii",7.3461891644,"GO_Pt47_C1D1",0.00314941468209791
"314","UniRef90_P76440|g__Klebsiella.s__Klebsiella_oxytoca",5.5096418733,"GO_Pt47_C1D1",0.00236206101157343
"315","UniRef90_A0A0A6ZVN4|g__Escherichia.s__Escherichia_coli",63.6850217994,"GO_Pt47_C1D3",0.0246089760363887
"316","UniRef90_P76440|g__Klebsiella.s__Klebsiella_pneumoniae",12.8138917105,"GO_Pt47_C1D3",0.00495150578781062
"317","UniRef90_P76440|g__Escherichia.s__Escherichia_coli",8.2374547615,"GO_Pt47_C1D3",0.00318309268174733
"318","UniRef90_P76440|g__Escherichia.s__Escherichia_fergusonii",5.5096418733,"GO_Pt47_C1D3",0.00212901936747709
"319","UniRef90_P76440|g__Klebsiella.s__Klebsiella_oxytoca",0.9182736455,"GO_Pt47_C1D3",0.000354836561226861
"320","UniRef90_A0A0A6ZVN4|g__Escherichia.s__Escherichia_coli",13.7844611529,"GO_Pt47_C1D7",0.00441655146849589
"321","UniRef90_P76440|unclassified",3.3684216498,"GO_Pt47_C1D7",0.00107924476836062
"322","UniRef90_P76440|g__Escherichia.s__Escherichia_coli",2.7548209366,"GO_Pt47_C1D7",0.000882646649588059
"323","UniRef90_P76440|g__Escherichia.s__Escherichia_fergusonii",2.7548209366,"GO_Pt47_C1D7",0.000882646649588059
"324","UniRef90_P76440|g__Klebsiella.s__Klebsiella_oxytoca",1.8365472911,"GO_Pt47_C1D7",0.000588431099736053
"325","UniRef90_P76440|g__Klebsiella.s__Klebsiella_pneumoniae",1.8365472911,"GO_Pt47_C1D7",0.000588431099736053
"326","UniRef90_A0A0A6ZVN4|g__Escherichia.s__Escherichia_coli",12.5313283208,"GO_Pt47_C2D1",0.00566502973054223
"327","UniRef90_D4MUM4|g__Anaerostipes.s__Anaerostipes_hadrus",414.4364346086,"GO_Pt50_Baseline",0.0914636172375389
"328","UniRef90_D4MUM4|g__Anaerostipes.s__Anaerostipes_hadrus",511.2322430441,"GO_Pt50_C1D1",0.15366935188502
"329","UniRef90_D4MUM4|g__Anaerostipes.s__Anaerostipes_hadrus",671.9390325397,"GO_Pt50_C1D3",0.213174421176588
"330","UniRef90_D4MUM4|g__Anaerostipes.s__Anaerostipes_hadrus",205.3289399107,"GO_Pt50_C1D7",0.182561425690432
"331","UniRef90_D4MUM4|g__Anaerostipes.s__Anaerostipes_hadrus",919.5369262919,"GO_Pt50_C2D1",0.332043798429697
"332","UniRef90_P76440|g__Klebsiella.s__Klebsiella_oxytoca",11.9375573921,"GO_Pt50_C2D1",0.00431063917838479
"333","UniRef90_P76440|g__Escherichia.s__Escherichia_coli",6.4279155188,"GO_Pt50_C2D1",0.00232111340373732
"334","UniRef90_P76440|g__Escherichia.s__Escherichia_fergusonii",3.6730945822,"GO_Pt50_C2D1",0.00132635051643164
"335","UniRef90_D4MUM4|g__Anaerostipes.s__Anaerostipes_hadrus",429.472920233,"GO_Pt50_C3D1",0.154344105997116
"336","UniRef90_D4MUM4|g__Anaerostipes.s__Anaerostipes_hadrus",323.7784197552,"GO_Pt50_Final",0.135884483867192
"337","UniRef90_D4MUM4|g__Anaerostipes.s__Anaerostipes_hadrus",1189.8738664043,"GO_Pt51_Baseline",0.255264032679379
"338","UniRef90_D4MUM4|g__Anaerostipes.s__Anaerostipes_hadrus",240.9759686388,"GO_Pt51_C1D1",0.159167294301891
"339","UniRef90_D4MUM4|g__Anaerostipes.s__Anaerostipes_hadrus",916.595244848,"GO_Pt51_C1D3",0.23795572587815
"340","UniRef90_D4MUM4|g__Anaerostipes.s__Anaerostipes_hadrus",533.0817408462,"GO_Pt51_C1D7",0.283244795594527
"341","UniRef90_D4MUM4|g__Anaerostipes.s__Anaerostipes_hadrus",286.5368446183,"GO_Pt51_C2D1",0.336700887364056
"342","UniRef90_D4MUM4|g__Anaerostipes.s__Anaerostipes_hadrus",257.2850389395,"GO_Pt51_C3D1",0.140104168890254
"343","UniRef90_D4MUM4|g__Anaerostipes.s__Anaerostipes_hadrus",852.7860631613,"GO_Pt51_Final",0.36271498429903
"344","UniRef90_P76440|g__Klebsiella.s__Klebsiella_oxytoca",29.3577981651,"GO_Pt52_Baseline",0.00969613437914632
"345","UniRef90_P76440|g__Klebsiella.s__Klebsiella_pneumoniae",20.1834862385,"GO_Pt52_Baseline",0.00666609238566103
"346","UniRef90_P76440|g__Escherichia.s__Escherichia_coli",11.9266055046,"GO_Pt52_Baseline",0.00393905459153748
"347","UniRef90_P76440|g__Escherichia.s__Escherichia_fergusonii",9.1743119266,"GO_Pt52_Baseline",0.00303004199348529
"348","UniRef90_A0A0A6ZVN4|g__Escherichia.s__Escherichia_coli",10.0125156446,"GO_Pt52_Baseline",0.00330687937213073
"349","UniRef90_A0A0A6ZVN4|unclassified",9.7510159243,"GO_Pt52_Baseline",0.00322051266254716
"350","UniRef90_P76440|g__Klebsiella.s__Klebsiella_oxytoca",11.9266055046,"GO_Pt52_C1D1",0.004460166557962
"351","UniRef90_P76440|g__Klebsiella.s__Klebsiella_pneumoniae",6.4120281723,"GO_Pt52_C1D1",0.00239789214221703
"352","UniRef90_P76440|g__Escherichia.s__Escherichia_coli",3.649744418,"GO_Pt52_C1D1",0.00136488693216134
"353","UniRef90_P76440|g__Escherichia.s__Escherichia_fergusonii",0.9174311927,"GO_Pt52_C1D1",0.000343089735242229
"354","UniRef90_A0A0A6ZVN4|unclassified",5.3630639997,"GO_Pt52_C1D1",0.00200561330635494
"355","UniRef90_P76440|g__Klebsiella.s__Klebsiella_pneumoniae",27.3811183191,"GO_Pt52_C1D3",0.00788246849338261
"356","UniRef90_P76440|g__Klebsiella.s__Klebsiella_oxytoca",23.6936156327,"GO_Pt52_C1D3",0.00682091127698009
"357","UniRef90_P76440|g__Escherichia.s__Escherichia_coli",14.5825161729,"GO_Pt52_C1D3",0.00419801057603058
"358","UniRef90_P76440|g__Escherichia.s__Escherichia_fergusonii",13.4797226451,"GO_Pt52_C1D3",0.00388053869134405
"359","UniRef90_A0A0A6ZVN4|g__Escherichia.s__Escherichia_coli",29.6627229758,"GO_Pt52_C1D3",0.00853929618797123
"360","UniRef90_D4MUM4|g__Anaerostipes.s__Anaerostipes_hadrus",186.0690513651,"GO_Pt52_C1D7",0.0488442818163757
"361","UniRef90_D4MUM4|g__Anaerostipes.s__Anaerostipes_hadrus",301.9436981584,"GO_Pt52_C2D1",0.143242258384993
"362","UniRef90_P76440|g__Escherichia.s__Escherichia_coli",51.2927558549,"GO_Pt52_C2D1",0.0243333119129764
"363","UniRef90_P76440|g__Klebsiella.s__Klebsiella_pneumoniae",49.5022260512,"GO_Pt52_C2D1",0.0234838835779857
"364","UniRef90_P76440|g__Klebsiella.s__Klebsiella_oxytoca",37.6146788991,"GO_Pt52_C2D1",0.0178444245956969
"365","UniRef90_P76440|g__Escherichia.s__Escherichia_fergusonii",17.3615553414,"GO_Pt52_C2D1",0.00823633151261711
"366","UniRef90_A0A0A6ZVN4|g__Escherichia.s__Escherichia_coli",42.3866107521,"GO_Pt52_C2D1",0.0201082317215023
"367","UniRef90_D4MUM4|g__Anaerostipes.s__Anaerostipes_hadrus",1138.2590367592,"GO_Pt52_C3D1",0.374546927227159
"368","UniRef90_A0A0A6ZVN4|g__Escherichia.s__Escherichia_coli",41.2755527743,"GO_Pt52_C3D1",0.0135818218542173
"369","UniRef90_P76440|g__Escherichia.s__Escherichia_coli",9.1743119266,"GO_Pt52_C3D1",0.00301882983623387
"370","UniRef90_P76440|g__Klebsiella.s__Klebsiella_oxytoca",2.7397260274,"GO_Pt52_C3D1",0.000901513567534298
"371","UniRef90_D4MUM4|g__Anaerostipes.s__Anaerostipes_hadrus",514.6506242127,"GO_Pt52_Final",0.222338761548372
"372","UniRef90_A0A0A6ZVN4|g__Escherichia.s__Escherichia_coli",58.6818075957,"GO_Pt52_Final",0.0253516459757669
"373","UniRef90_P76440|g__Escherichia.s__Escherichia_coli",12.8440366972,"GO_Pt52_Final",0.00554886573178827
"374","UniRef90_P76440|g__Escherichia.s__Escherichia_fergusonii",4.5871559633,"GO_Pt52_Final",0.00198173776135912
"375","UniRef90_P76440|g__Klebsiella.s__Klebsiella_oxytoca",1.8348623853,"GO_Pt52_Final",0.000792695104535009
"376","UniRef90_D4MUM4|g__Anaerostipes.s__Anaerostipes_hadrus",281.9677706308,"GO_Pt54_Baseline",0.356573471118726
"377","UniRef90_P76440|g__Klebsiella.s__Klebsiella_oxytoca",576.5314128313,"GO_Pt54_C1D1",0.198327656468185
"378","UniRef90_P76440|g__Escherichia.s__Escherichia_coli",174.532442583,"GO_Pt54_C1D1",0.0600394177052121
"379","UniRef90_P76440|g__Escherichia.s__Escherichia_fergusonii",31.0788003855,"GO_Pt54_C1D1",0.0106911531776367
"380","UniRef90_D4MUM4|g__Anaerostipes.s__Anaerostipes_hadrus",664.8312073473,"GO_Pt54_C1D1",0.228702916034666
"381","UniRef90_A0A0A6ZVN4|g__Escherichia.s__Escherichia_coli",128.3422997993,"GO_Pt54_C1D1",0.0441499404515197
"382","UniRef90_A0A0A6ZVN4|unclassified",17.8317567101,"GO_Pt54_C1D1",0.00613415061229249
"383","UniRef90_D4MUM4|g__Anaerostipes.s__Anaerostipes_hadrus",565.4671716941,"GO_Pt54_C1D3",0.355940383969099
"384","UniRef90_P76440|g__Klebsiella.s__Klebsiella_oxytoca",21.1009174312,"GO_Pt54_C1D3",0.0132822364029731
"385","UniRef90_P76440|g__Escherichia.s__Escherichia_coli",4.5871559633,"GO_Pt54_C1D3",0.00288744269629575
"386","UniRef90_D4MUM4|g__Anaerostipes.s__Anaerostipes_hadrus",960.2936277256,"GO_Pt54_C1D7",0.842784119336254
"387","UniRef90_P76440|g__Klebsiella.s__Klebsiella_oxytoca",11.9266055046,"GO_Pt54_C1D7",0.0104671669442103
"388","UniRef90_P76440|g__Escherichia.s__Escherichia_coli",2.752293578,"GO_Pt54_C1D7",0.00241550006406204
"389","UniRef90_P76440|g__Escherichia.s__Escherichia_fergusonii",1.8348623853,"GO_Pt54_C1D7",0.00161033337601211
"390","UniRef90_A0A0A6ZVN4|unclassified",3.2449879052,"GO_Pt54_C1D7",0.0028479042190648
"391","UniRef90_D4MUM4|g__Anaerostipes.s__Anaerostipes_hadrus",703.241380315,"GO_Pt54_C2D1",0.182832843348969
"392","UniRef90_P76440|g__Klebsiella.s__Klebsiella_oxytoca",22.0149942136,"GO_Pt54_C2D1",0.00572358808945607
"393","UniRef90_P76440|g__Escherichia.s__Escherichia_coli",3.6697247706,"GO_Pt54_C2D1",0.000954076698126617
"394","UniRef90_P76440|g__Escherichia.s__Escherichia_fergusonii",0.9174311927,"GO_Pt54_C2D1",0.000238519174544654
"395","UniRef90_D4MUM4|g__Anaerostipes.s__Anaerostipes_hadrus",273.6189941012,"GO_Pt54_C3D1",0.211283387389989
"396","UniRef90_P76440|g__Klebsiella.s__Klebsiella_oxytoca",53.1354058015,"GO_Pt54_C3D1",0.0410301505747453
"397","UniRef90_P76440|g__Escherichia.s__Escherichia_coli",12.8440366972,"GO_Pt54_C3D1",0.0099179210495235
"398","UniRef90_P76440|unclassified",7.0760675832,"GO_Pt54_C3D1",0.00546400491416919
"399","UniRef90_P76440|g__Escherichia.s__Escherichia_fergusonii",5.4179765189,"GO_Pt54_C3D1",0.00418365850467685
"400","UniRef90_A0A0A6ZVN4|g__Escherichia.s__Escherichia_coli",23.7703613307,"GO_Pt54_C3D1",0.0183550212876551
"401","UniRef90_D4MUM4|g__Anaerostipes.s__Anaerostipes_hadrus",416.780803944,"GO_Pt54_Final",0.142765198944651
"402","UniRef90_D4MUM4|g__Anaerostipes.s__Anaerostipes_hadrus",317.4317899099,"GO_Pt6_C1D1",0.145308661352695
"403","UniRef90_D4MUM4|g__Anaerostipes.s__Anaerostipes_hadrus",88.3414687326,"GO_Pt6_C1D3",0.0563027362761438
"404","UniRef90_D4MUM4|g__Anaerostipes.s__Anaerostipes_hadrus",432.9699042676,"GO_Pt6_C1D7",0.214683377655716
"405","UniRef90_D4MUM4|g__Anaerostipes.s__Anaerostipes_hadrus",27.2232757172,"GO_Pt6_C2D1",0.013345593496619
"406","UniRef90_D4MUM4|g__Anaerostipes.s__Anaerostipes_hadrus",546.4140370942,"GO_Pt6_C3D1",0.409308029459986
"407","UniRef90_P76440|g__Escherichia.s__Escherichia_coli",45.6996743791,"GO_Pt6_C3D1",0.0342327290245797
"408","UniRef90_P76440|unclassified",4.8914869314,"GO_Pt6_C3D1",0.00366411684382743
"409","UniRef90_P76440|g__Klebsiella.s__Klebsiella_oxytoca",3.6563071298,"GO_Pt6_C3D1",0.00273886790016877
"410","UniRef90_P76440|g__Escherichia.s__Escherichia_coli",135.7763321826,"GO_Pt7_C1D7",0.0754000137169025
"411","UniRef90_P76440|unclassified",20.0282507008,"GO_Pt7_C1D7",0.0111221915726444
"412","UniRef90_P76440|g__Klebsiella.s__Klebsiella_oxytoca",10.0548446069,"GO_Pt7_C1D7",0.00558370821405013
"413","UniRef90_P76440|g__Escherichia.s__Escherichia_coli",81.1778849404,"GO_Pt7_C2D1",0.0749232299027469
"414","UniRef90_P76440|unclassified",11.7731869872,"GO_Pt7_C2D1",0.01086607757738
"415","UniRef90_P76440|g__Klebsiella.s__Klebsiella_oxytoca",0.9140767824,"GO_Pt7_C2D1",0.00084364830355952
"416","UniRef90_D4MUM4|g__Anaerostipes.s__Anaerostipes_hadrus",307.6231424164,"GO_Pt9b_Baseline",0.0814588193453912
"417","UniRef90_P76440|g__Klebsiella.s__Klebsiella_oxytoca",44.0721033498,"GO_Pt9b_Baseline",0.0116703232297239
"418","UniRef90_P76440|g__Escherichia.s__Escherichia_coli",38.4791975701,"GO_Pt9b_Baseline",0.0101893179388161
"419","UniRef90_P76440|g__Escherichia.s__Escherichia_fergusonii",11.0192837466,"GO_Pt9b_Baseline",0.00291791390263765
"420","UniRef90_P76440|unclassified",8.2820624101,"GO_Pt9b_Baseline",0.00219309581318296
"421","UniRef90_D4MUM4|g__Anaerostipes.s__Anaerostipes_hadrus",160.5022011198,"GO_Pt9b_C1D1",0.0795421838624654
"422","UniRef90_P76440|g__Escherichia.s__Escherichia_coli",12.8558310376,"GO_Pt9b_C1D1",0.00637113303719933
"423","UniRef90_P76440|g__Escherichia.s__Escherichia_fergusonii",0.9182736455,"GO_Pt9b_C1D1",0.000455080931207284
"424","UniRef90_P76440|g__Klebsiella.s__Klebsiella_oxytoca",0.9182736455,"GO_Pt9b_C1D1",0.000455080931207284
"425","UniRef90_D4MUM4|g__Anaerostipes.s__Anaerostipes_hadrus",258.3023345661,"GO_Pt9b_C1D3",0.0684421175875874
"426","UniRef90_P76440|g__Klebsiella.s__Klebsiella_oxytoca",15.6056203379,"GO_Pt9b_C1D3",0.00413500599593099
"427","UniRef90_P76440|g__Escherichia.s__Escherichia_coli",9.1827364555,"GO_Pt9b_C1D3",0.00243314071984249
"428","UniRef90_P76440|unclassified",9.0268258812,"GO_Pt9b_C1D3",0.00239182924707817
"429","UniRef90_P76440|g__Escherichia.s__Escherichia_fergusonii",4.5913682277,"GO_Pt9b_C1D3",0.001216570359908
"430","UniRef90_A0A0A6ZVN4|unclassified",9.490819121,"GO_Pt9b_C1D3",0.00251477308315143
"431","UniRef90_D4MUM4|g__Anaerostipes.s__Anaerostipes_hadrus",366.1462248035,"GO_Pt9b_C2D1",0.106827121515587
"432","UniRef90_P76440|g__Escherichia.s__Escherichia_coli",2.7548209366,"GO_Pt9b_C2D1",0.000803748805837851
"433","UniRef90_P76440|g__Escherichia.s__Escherichia_fergusonii",1.8365472911,"GO_Pt9b_C2D1",0.000535832537234959
"434","UniRef90_P76440|g__Klebsiella.s__Klebsiella_oxytoca",1.8365472911,"GO_Pt9b_C2D1",0.000535832537234959
"435","UniRef90_D4MUM4|g__Anaerostipes.s__Anaerostipes_hadrus",234.0063931775,"GO_Pt9b_C3D1",0.102034478858394
