Sample,Tube weight (-3 mg),Tube + sample weight (-3 mg),Stool weight (mg),DNA (ng/uL),DNA in stool (ng/mg),Group,MouseID,Time
CMOT_M1_Pre,970,979,9,10.9,250,Veh,1,Day 0
CMOT_M2_Pre,977,1012,35,79.7,470,Veh,2,Day 0
CMOT_M3_Pre,929,944,15,17.4,239,Veh,3,Day 0
CMOT_M4_Pre,927,937,10,16.1,332,Veh,4,Day 0
CMOT_M5_Pre,920,931,11,26.6,499,Veh,5,Day 0
CMOT_M6_Pre,997,1010,13,24.1,382,Veh,6,Day 0
CMOT_M7_Pre,939,957,18,40.8,468,Veh,7,Day 0
CMOT_M8_Pre,1009,1021,12,8.1,139,Veh,8,Day 0
CMOT_M9_Pre,962,973,11,21.1,396,CAP,9,Day 0
CMOT_M10_Pre,969,986,17,56.9,690,CAP,10,Day 0
CMOT_M11_Pre,977,991,14,20.1,296,CAP,11,Day 0
CMOT_M12_Pre,981,989,8,22.2,572,CAP,12,Day 0
CMOT_M13_Pre,986,1002,16,5.1,66,CAP,13,Day 0
CMOT_M14_Pre,935,961,26,82.1,651,CAP,14,Day 0
CMOT_M15_Pre,938,976,38,103.5,562,CAP,15,Day 0
CMOT_M16_Pre,977,999,22,45.1,423,CAP,16,Day 0
CMOT_M17_Pre,950,955,5,11.3,466,CAP,17,Day 0
CMOT_M18_Pre,972,986,14,35.3,520,CAP,18,Day 0
CMOT_M19_Pre,962,972,10,10.1,208,CAP,19,Day 0
CMOT_M20_Pre,950,962,12,16.4,282,CAP,20,Day 0
CMOT_M1_D4,918,929,11,12.1,227,Veh,1,Day 4
CMOT_M2_D4,923,927,4,3.8,196,Veh,2,Day 4
CMOT_M3_D4,931,951,20,28.8,297,Veh,3,Day 4
CMOT_M4_D4,932,941,9,15.8,362,Veh,4,Day 4
CMOT_M5_D4,946,957,11,6.2,116,Veh,5,Day 4
CMOT_M6_D4,957,961,4,8.3,428,Veh,6,Day 4
CMOT_M7_D4,972,976,4,7.2,371,Veh,7,Day 4
CMOT_M8_D4,972,983,11,11.6,218,Veh,8,Day 4
CMOT_M9_D4,969,979,10,20.1,415,CAP,9,Day 4
CMOT_M10_D4,944,962,18,16.5,189,CAP,10,Day 4
CMOT_M11_D4,908,942,34,18.0,109,CAP,11,Day 4
CMOT_M12_D4,957,967,10,15.1,311,CAP,12,Day 4
CMOT_M13_D4,974,997,23,5.9,53,CAP,13,Day 4
CMOT_M14_D4,956,964,8,12.5,322,CAP,14,Day 4
CMOT_M15_D4,944,954,10,9.6,198,CAP,15,Day 4
CMOT_M16_D4,910,916,6,7.5,258,CAP,16,Day 4
CMOT_M17_D4,915,923,8,6.3,162,CAP,17,Day 4
CMOT_M18_D4,957,967,10,4.2,87,CAP,18,Day 4
CMOT_M19_D4,964,976,12,1.5,26,CAP,19,Day 4
CMOT_M20_D4,971,976,5,4.2,173,CAP,20,Day 4
