Patient_ID,Dose,Metadata_Radiation,Abundance,Group
1,Toxicity,No,0.0684143643442607,Toxicity
12,No toxicity,No,0.258034341814164,No toxicity
13,Toxicity,No,0.290220764654701,Toxicity
14,Toxicity,No,0.0691360395721956,Toxicity
15,No toxicity,No,0.0814944237286083,No toxicity
17,No toxicity,No,0.362584440127761,No toxicity
18,Toxicity,No,0.150081106222281,Toxicity
19,Toxicity,No,0.133974361423905,Toxicity
2,Toxicity,No,0.586264677485843,Toxicity
20,Toxicity,No,0.222420357100248,Toxicity
21,Toxicity,No,0.0180637081337588,Toxicity
22,Toxicity,No,0.145959783270166,Toxicity
23,Toxicity,Yes,0.191309619586163,Toxicity
24,No toxicity,No,0.197198469412286,No toxicity
25,Toxicity,No,0.140400089647198,Toxicity
29,No toxicity,No,0.398415273004867,No toxicity
30,No toxicity,No,0.423040625428262,No toxicity
31,Toxicity,Yes,0.0383942190752514,Toxicity
32,No toxicity,No,0.14236901776842,No toxicity
33,Toxicity,No,0.114057511721274,Toxicity
34,No toxicity,No,0.32374160866359,No toxicity
35,Toxicity,Yes,0.0838975276328844,Toxicity
38,Toxicity,No,0.0759908579778976,Toxicity
39,No toxicity,No,1.00894438936793,No toxicity
4,Toxicity,No,0.143087207880278,Toxicity
40,No toxicity,No,0.236385840921425,No toxicity
42,No toxicity,Yes,0.233981100634831,No toxicity
43,No toxicity,Yes,0.111189210661597,No toxicity
44,No toxicity,No,0.130041140124399,No toxicity
45,Toxicity,Yes,0.0501248821610423,Toxicity
47,No toxicity,No,0.163081529242919,No toxicity
50,No toxicity,Yes,0.243121054094613,No toxicity
51,Toxicity,Yes,0.416584830525907,Toxicity
52,No toxicity,Yes,0.0322879381586923,No toxicity
54,Toxicity,No,0.872732734493923,Toxicity
6,No toxicity,No,1.12698219642004,No toxicity
9,No toxicity,No,0.197664379479263,No toxicity
11,Toxicity,No,0,Toxicity
53,No toxicity,No,0,No toxicity
7,Toxicity,No,0,Toxicity
